{
    "type": "minecraft:entity",
    "pools": [
        {
            "rolls": 1,
            "entries": [
                {
                    "type": "minecraft:item",
                    "functions": [
                        {
                            "function": "minecraft:set_count",
                            "count": {
                                "min": 0.0,
                                "max": 2.0,
                                "type": "minecraft:uniform"
                            }
                        },
                        {
                            "function": "minecraft:looting_enchant",
                            "count": {
                                "min": 0.0,
                                "max": 1.0
                            }
                        }
                    ],
                    "name": "minecraft:gunpowder"
                }
            ]
        },
        {
            "rolls": 1,
            "entries": [
                {
                    "type": "minecraft:tag",
                    "weight": 1,
                    "name": "minecraft:creeper_drop_music_discs",
                    "expand": true
                },
                {
                    "type": "minecraft:item",
                    "weight": 1,
                    "name": "minecraft:music_disc_11",
                    "functions": [
                        {
                            "function": "minecraft:set_nbt",
                            "tag": "{CustomModelData:1, HideFlags:32, display:{Lore:[\"\\\"\\\\u00a77Caramelldansen (Speedy Mixes)\\\"\"]}}"
                        }
                    ]
                },
                {
                    "type": "minecraft:item",
                    "weight": 1,
                    "name": "minecraft:music_disc_11",
                    "functions": [
                        {
                            "function": "minecraft:set_nbt",
                            "tag": "{CustomModelData:2, HideFlags:32, display:{Lore:[\"\\\"\\\\u00a77chinese_amogus\\\"\"]}}"
                        }
                    ]
                },
                {
                    "type": "minecraft:item",
                    "weight": 1,
                    "name": "minecraft:music_disc_11",
                    "functions": [
                        {
                            "function": "minecraft:set_nbt",
                            "tag": "{CustomModelData:3, HideFlags:32, display:{Lore:[\"\\\"\\\\u00a77Cool Drago\u0161 Kalaji\u0107 art compilation\\\"\"]}}"
                        }
                    ]
                },
                {
                    "type": "minecraft:item",
                    "weight": 1,
                    "name": "minecraft:music_disc_11",
                    "functions": [
                        {
                            "function": "minecraft:set_nbt",
                            "tag": "{CustomModelData:4, HideFlags:32, display:{Lore:[\"\\\"\\\\u00a77driplovania\\\"\"]}}"
                        }
                    ]
                },
                {
                    "type": "minecraft:item",
                    "weight": 1,
                    "name": "minecraft:music_disc_11",
                    "functions": [
                        {
                            "function": "minecraft:set_nbt",
                            "tag": "{CustomModelData:5, HideFlags:32, display:{Lore:[\"\\\"\\\\u00a77DVRST - Close Eyes _ Extended\\\"\"]}}"
                        }
                    ]
                },
                {
                    "type": "minecraft:item",
                    "weight": 1,
                    "name": "minecraft:music_disc_11",
                    "functions": [
                        {
                            "function": "minecraft:set_nbt",
                            "tag": "{CustomModelData:6, HideFlags:32, display:{Lore:[\"\\\"\\\\u00a77Eternal Raijin - La Espada\\\"\"]}}"
                        }
                    ]
                },
                {
                    "type": "minecraft:item",
                    "weight": 1,
                    "name": "minecraft:music_disc_11",
                    "functions": [
                        {
                            "function": "minecraft:set_nbt",
                            "tag": "{CustomModelData:7, HideFlags:32, display:{Lore:[\"\\\"\\\\u00a77jodmaipedsong\\\"\"]}}"
                        }
                    ]
                },
                {
                    "type": "minecraft:item",
                    "weight": 1,
                    "name": "minecraft:music_disc_11",
                    "functions": [
                        {
                            "function": "minecraft:set_nbt",
                            "tag": "{CustomModelData:8, HideFlags:32, display:{Lore:[\"\\\"\\\\u00a77LEMMiNO - Cipher (BGM)\\\"\"]}}"
                        }
                    ]
                },
                {
                    "type": "minecraft:item",
                    "weight": 1,
                    "name": "minecraft:music_disc_11",
                    "functions": [
                        {
                            "function": "minecraft:set_nbt",
                            "tag": "{CustomModelData:9, HideFlags:32, display:{Lore:[\"\\\"\\\\u00a77Panjabi MC - Mundian To Bach Ke (The Dictator Soundtrack)\\\"\"]}}"
                        }
                    ]
                },
                {
                    "type": "minecraft:item",
                    "weight": 1,
                    "name": "minecraft:music_disc_11",
                    "functions": [
                        {
                            "function": "minecraft:set_nbt",
                            "tag": "{CustomModelData:10, HideFlags:32, display:{Lore:[\"\\\"\\\\u00a77PlayaPhonk - PHONKY TOWN\\\"\"]}}"
                        }
                    ]
                },
                {
                    "type": "minecraft:item",
                    "weight": 1,
                    "name": "minecraft:music_disc_11",
                    "functions": [
                        {
                            "function": "minecraft:set_nbt",
                            "tag": "{CustomModelData:11, HideFlags:32, display:{Lore:[\"\\\"\\\\u00a77super-idol-chinese-man-but-in-chronological-order\\\"\"]}}"
                        }
                    ]
                },
                {
                    "type": "minecraft:item",
                    "weight": 1,
                    "name": "minecraft:music_disc_11",
                    "functions": [
                        {
                            "function": "minecraft:set_nbt",
                            "tag": "{CustomModelData:12, HideFlags:32, display:{Lore:[\"\\\"\\\\u00a77The-Red-Sun-in-the-Sky\\\"\"]}}"
                        }
                    ]
                }
            ],
            "conditions": [
                {
                    "condition": "minecraft:entity_properties",
                    "predicate": {
                        "type": "#minecraft:skeletons"
                    },
                    "entity": "killer"
                }
            ]
        }
    ]
}